PLATE,MJD,FIBERID,file,url,sha256
413,51929,413,spec-0413-51929-0413.fits,https://data.sdss.org/sas/dr17/sdss/spectro/redux/26/spectra/lite/0413/spec-0413-51929-0413.fits,1f7cc3ff895061e08853799b99739f0e1e0905156b92fa477c3af2d81fac7ffb
414,51901,177,spec-0414-51901-0177.fits,https://data.sdss.org/sas/dr17/sdss/spectro/redux/26/spectra/lite/0414/spec-0414-51901-0177.fits,bec024a11a8064d74ca43222b9b496f970c07c7acd95d6ee1dbdc704fdbf0df1
411,51817,198,spec-0411-51817-0198.fits,https://data.sdss.org/sas/dr17/sdss/spectro/redux/26/spectra/lite/0411/spec-0411-51817-0198.fits,c93f702c0a8832351f83124208e48a65dd9c0894e3d9c7d4c8ab07754ba0d370
9203,57692,459,spec-9203-57692-0459.fits,https://data.sdss.org/sas/dr17/eboss/spectro/redux/v5_13_2/spectra/lite/9203/spec-9203-57692-0459.fits,c542c5cbe5d34351cb26ee2983c276b62a104e0663080eb8c618895f25bd1cff
387,51791,116,spec-0387-51791-0116.fits,https://data.sdss.org/sas/dr17/sdss/spectro/redux/26/spectra/lite/0387/spec-0387-51791-0116.fits,1045b3c5c0ec5cfd263bc881f86541086cd0e387598dbc5a8adbcf58c9ae40a7
9169,58069,324,spec-9169-58069-0324.fits,https://data.sdss.org/sas/dr17/eboss/spectro/redux/v5_13_2/spectra/lite/9169/spec-9169-58069-0324.fits,f6d0541feb9f5916999b8ab60a03cc161ad353e1e7cea92337bf4c53c3a5a7a1
3615,55179,390,spec-3615-55179-0390.fits,https://data.sdss.org/sas/dr17/eboss/spectro/redux/v5_13_2/spectra/lite/3615/spec-3615-55179-0390.fits,17469bf003f8209c20d25bab6d92635d2457ff70343cf1bc6fb469cffd26fc02
9400,58107,65,spec-9400-58107-0065.fits,https://data.sdss.org/sas/dr17/eboss/spectro/redux/v5_13_2/spectra/lite/9400/spec-9400-58107-0065.fits,79b3bdfd6917e164adfd0a0ab3e011dd2e8ef98a46a69fffbae8863d444e2e17
9167,58064,138,spec-9167-58064-0138.fits,https://data.sdss.org/sas/dr17/eboss/spectro/redux/v5_13_2/spectra/lite/9167/spec-9167-58064-0138.fits,f20d662a9e426d734958337b030713faeb8324823ae32766141933b50481ab74
3615,55179,520,spec-3615-55179-0520.fits,https://data.sdss.org/sas/dr17/eboss/spectro/redux/v5_13_2/spectra/lite/3615/spec-3615-55179-0520.fits,6d1b98495e7b1e34a7af574b15454601d70a43ba19e7b0f7f40847bfe5fe070f
983,52443,371,spec-0983-52443-0371.fits,https://data.sdss.org/sas/dr17/sdss/spectro/redux/26/spectra/lite/0983/spec-0983-52443-0371.fits,5ec01d4cf49532f9216152f6a978322ff42654ddb19ae0749cf9ada1717ab105
9375,58076,660,spec-9375-58076-0660.fits,https://data.sdss.org/sas/dr17/eboss/spectro/redux/v5_13_2/spectra/lite/9375/spec-9375-58076-0660.fits,b70b2dfc9bb5ae98558890b0550544f99e8ef2591a5271b18f18a7942bce8af2
9402,58039,969,spec-9402-58039-0969.fits,https://data.sdss.org/sas/dr17/eboss/spectro/redux/v5_13_2/spectra/lite/9402/spec-9402-58039-0969.fits,05166b4837d691b733f88bb4d16b8152be24b0b0d0d38a27a8ef0b293a7fb85c
9176,58080,12,spec-9176-58080-0012.fits,https://data.sdss.org/sas/dr17/eboss/spectro/redux/v5_13_2/spectra/lite/9176/spec-9176-58080-0012.fits,5eba8ebbdf7a643fba81a7829201c70885bb207853cd0581e9e67a7488434443
8789,57358,191,spec-8789-57358-0191.fits,https://data.sdss.org/sas/dr17/eboss/spectro/redux/v5_13_2/spectra/lite/8789/spec-8789-57358-0191.fits,13cc2cae5b03106c01c82e6a340f7ddc15ca5111b7d6109462f3b9d8e253ff8f
9176,58080,119,spec-9176-58080-0119.fits,https://data.sdss.org/sas/dr17/eboss/spectro/redux/v5_13_2/spectra/lite/9176/spec-9176-58080-0119.fits,a4b9317a8206a5593bdd627e0c37c92ea5fb160f4dc3e4aaf568cdc8b47690dd
9144,57666,348,spec-9144-57666-0348.fits,https://data.sdss.org/sas/dr17/eboss/spectro/redux/v5_13_2/spectra/lite/9144/spec-9144-57666-0348.fits,b26d4445170143a7725f95e2298fc2bec723d100a84c007f6955336064033c1d
6782,56273,119,spec-6782-56273-0119.fits,https://data.sdss.org/sas/dr17/eboss/spectro/redux/v5_13_2/spectra/lite/6782/spec-6782-56273-0119.fits,7a2a41a3f1afb3a30523183c41d617590edea17c4173f32a656795b8caf2837d
3609,55201,592,spec-3609-55201-0592.fits,https://data.sdss.org/sas/dr17/eboss/spectro/redux/v5_13_2/spectra/lite/3609/spec-3609-55201-0592.fits,cb723e72b44490fd504dea779d99d69dcfd5f06133ea1c57c3df9069b865905f
9213,57712,973,spec-9213-57712-0973.fits,https://data.sdss.org/sas/dr17/eboss/spectro/redux/v5_13_2/spectra/lite/9213/spec-9213-57712-0973.fits,aa603423df3384ed597c466c015470da308043215f38a67e4513293f27dff6aa
9180,57693,465,spec-9180-57693-0465.fits,https://data.sdss.org/sas/dr17/eboss/spectro/redux/v5_13_2/spectra/lite/9180/spec-9180-57693-0465.fits,7c314a8c47590d68f1bd2e5724f66cca7c6c9b0509175e67cd3fa6de3ad2ef75
9399,58125,775,spec-9399-58125-0775.fits,https://data.sdss.org/sas/dr17/eboss/spectro/redux/v5_13_2/spectra/lite/9399/spec-9399-58125-0775.fits,f46bbee6eb5ccdb81e73494dc94ef183a22ebdaed6f9e6ba2dfa03e20c579708
9239,58018,405,spec-9239-58018-0405.fits,https://data.sdss.org/sas/dr17/eboss/spectro/redux/v5_13_2/spectra/lite/9239/spec-9239-58018-0405.fits,bd91a60b5285de6ecaf38de898a589ba011c8a3333b81e0fcbe31307b4641aff
9392,58104,329,spec-9392-58104-0329.fits,https://data.sdss.org/sas/dr17/eboss/spectro/redux/v5_13_2/spectra/lite/9392/spec-9392-58104-0329.fits,8063c24c7a808f5b535497bb9d6d9578f54df5284e807c253ce2ea2fa0ecd882
9404,58045,772,spec-9404-58045-0772.fits,https://data.sdss.org/sas/dr17/eboss/spectro/redux/v5_13_2/spectra/lite/9404/spec-9404-58045-0772.fits,ff7f6eb32bebf19be0f221187e0336ead7022a276f95b09142ee58ed7947c4ef
9403,58018,388,spec-9403-58018-0388.fits,https://data.sdss.org/sas/dr17/eboss/spectro/redux/v5_13_2/spectra/lite/9403/spec-9403-58018-0388.fits,1eb1df120953cf3547ff58be6896bb83cc7eb929669199369df861105dce0b5d
406,51869,403,spec-0406-51869-0403.fits,https://data.sdss.org/sas/dr17/sdss/spectro/redux/26/spectra/lite/0406/spec-0406-51869-0403.fits,119362a0f3bb22c1596f257f93ba1977258b569640e0738765fef45bdb2ba100
6782,56602,862,spec-6782-56602-0862.fits,https://data.sdss.org/sas/dr17/eboss/spectro/redux/v5_13_2/spectra/lite/6782/spec-6782-56602-0862.fits,aef146795b7fd93841fb86932b4b9e81f38abd55cabe3bf86a3fdfa97a81a625
9204,57712,509,spec-9204-57712-0509.fits,https://data.sdss.org/sas/dr17/eboss/spectro/redux/v5_13_2/spectra/lite/9204/spec-9204-57712-0509.fits,2aebd89c4a30a5ae7abda219c47ee93dba04bdfa4054c0f9a0bca0a908c3771a
9143,57665,661,spec-9143-57665-0661.fits,https://data.sdss.org/sas/dr17/eboss/spectro/redux/v5_13_2/spectra/lite/9143/spec-9143-57665-0661.fits,4e7b3532a69871a56c3b8cf78ad83ec0c64c656d6311f5c5d479e5821caf76c0
713,52178,375,spec-0713-52178-0375.fits,https://data.sdss.org/sas/dr17/sdss/spectro/redux/26/spectra/lite/0713/spec-0713-52178-0375.fits,361f1ae51f9f7ca250fbb429e326f26cf6ed80dfb0f1ede06b64ea257c916d62
6782,56273,117,spec-6782-56273-0117.fits,https://data.sdss.org/sas/dr17/eboss/spectro/redux/v5_13_2/spectra/lite/6782/spec-6782-56273-0117.fits,48a83ee9a726ca4d7789b75df66e7fadf63b126491839f86be58eb2726a80cbe
9155,58043,917,spec-9155-58043-0917.fits,https://data.sdss.org/sas/dr17/eboss/spectro/redux/v5_13_2/spectra/lite/9155/spec-9155-58043-0917.fits,85f631db2ae054a2d10b91ea868f2e0ed10b6e553494daeda8b899fd03a42119
9197,57680,55,spec-9197-57680-0055.fits,https://data.sdss.org/sas/dr17/eboss/spectro/redux/v5_13_2/spectra/lite/9197/spec-9197-57680-0055.fits,d0bf900ff126d8f9c870b8a6f3bad10c2b79faefd1b006d9197c23458e82ae15
4302,55531,350,spec-4302-55531-0350.fits,https://data.sdss.org/sas/dr17/eboss/spectro/redux/v5_13_2/spectra/lite/4302/spec-4302-55531-0350.fits,a67ab6892efe720cde5d312fd47918c91efe9b547d47b2f733d8fb11c644f9a2
9372,58074,526,spec-9372-58074-0526.fits,https://data.sdss.org/sas/dr17/eboss/spectro/redux/v5_13_2/spectra/lite/9372/spec-9372-58074-0526.fits,e1340bce138acd10f338ee91ef0f6fc56fea6702e13c0a0d9f40f7f30cd83b0a
5144,55829,290,spec-5144-55829-0290.fits,https://data.sdss.org/sas/dr17/eboss/spectro/redux/v5_13_2/spectra/lite/5144/spec-5144-55829-0290.fits,42b63be7eaa3df28717938f5305a862405b28cafe4b2cfa3bc6b23ee576cebeb
9389,58097,602,spec-9389-58097-0602.fits,https://data.sdss.org/sas/dr17/eboss/spectro/redux/v5_13_2/spectra/lite/9389/spec-9389-58097-0602.fits,67e1b61d46b7ee5840d78088e1f12ac24d538b3271bd4e82c1c4a98213121202
4230,55483,79,spec-4230-55483-0079.fits,https://data.sdss.org/sas/dr17/eboss/spectro/redux/v5_13_2/spectra/lite/4230/spec-4230-55483-0079.fits,d5d17f80b9b1815a3127ef2c75decb304aeb69538fa5cb48ab9a43028b98198a
9377,58098,545,spec-9377-58098-0545.fits,https://data.sdss.org/sas/dr17/eboss/spectro/redux/v5_13_2/spectra/lite/9377/spec-9377-58098-0545.fits,2cd89c02c671257e86aaead78b988bd1dd11b2670706a6967f5c1a3b9a55b7bb
9203,57692,612,spec-9203-57692-0612.fits,https://data.sdss.org/sas/dr17/eboss/spectro/redux/v5_13_2/spectra/lite/9203/spec-9203-57692-0612.fits,92ccaf5822018c2b01c1eb06476b84c6611f7aefde5f6c7c5431279775c2f5ed
9406,58067,400,spec-9406-58067-0400.fits,https://data.sdss.org/sas/dr17/eboss/spectro/redux/v5_13_2/spectra/lite/9406/spec-9406-58067-0400.fits,f7cefe6e6bfbc8b0845aead8b7d52698b70602aa947c82ea0260357a66a53072
4237,55478,704,spec-4237-55478-0704.fits,https://data.sdss.org/sas/dr17/eboss/spectro/redux/v5_13_2/spectra/lite/4237/spec-4237-55478-0704.fits,e38e5ad1fe7a75f032ced3d2088c80749a37371c973c130186f8507b288bf80d
9212,57715,885,spec-9212-57715-0885.fits,https://data.sdss.org/sas/dr17/eboss/spectro/redux/v5_13_2/spectra/lite/9212/spec-9212-57715-0885.fits,3165f138124763dc2ead69450ef3eab4d190f924ec4758a201c2aea2f719755b
9345,57713,822,spec-9345-57713-0822.fits,https://data.sdss.org/sas/dr17/eboss/spectro/redux/v5_13_2/spectra/lite/9345/spec-9345-57713-0822.fits,6136eeb9976e88e9c0c29a290c5f5483823270961ca3355a43e1c8ea5c156d33
4230,55483,759,spec-4230-55483-0759.fits,https://data.sdss.org/sas/dr17/eboss/spectro/redux/v5_13_2/spectra/lite/4230/spec-4230-55483-0759.fits,135f5dae5a58b0f06b70279debd56b22a212c1e2a89100ec929781ef6e429411
9171,58068,186,spec-9171-58068-0186.fits,https://data.sdss.org/sas/dr17/eboss/spectro/redux/v5_13_2/spectra/lite/9171/spec-9171-58068-0186.fits,a4d5532788f5f09df8a9daacb2f929cebd0e48e42d0cb0c773a3ae362533ede6
4211,55446,480,spec-4211-55446-0480.fits,https://data.sdss.org/sas/dr17/eboss/spectro/redux/v5_13_2/spectra/lite/4211/spec-4211-55446-0480.fits,db27bdb23dfd624b49fcd484757a163815eb7c3210bb17f0c7ef1177c33df05c
